"Allen"," Arabella","1000 Cornhill.","London","England","EC3V 3PD"
"Allen"," Benjamin","1001 Cornhill.","London","England","EC3V 3PD"
"Ayresleigh"," Mister","1002 Cornhill.","London","England","EC3V 3PD"
"Avenger"," The","1003 Cornhill.","London","England","EC3V 3PD"
"Bagman"," The","1004 Cornhill.","London","England","EC3V 3PD"
"Bagstock"," Major","1005 Cornhill.","London","England","EC3V 3PD"
"Bamber"," Jack","1006 Cornhill.","London","England","EC3V 3PD"
"Bantam"," Angelo","1007 Cornhill.","London","England","EC3V 3PD"
"Barbary"," Miss","1008 Cornhill.","London","England","EC3V 3PD"
"Bardell"," Martha","1009 Cornhill.","London","England","EC3V 3PD"
"Bardell"," Thomas","1010 Cornhill.","London","England","EC3V 3PD"
"Barley"," Old","1011 Cornhill.","London","England","EC3V 3PD"
"Barley"," Clara","1012 Cornhill.","London","England","EC3V 3PD"
"Barsad"," John","1013 Cornhill.","London","England","EC3V 3PD"
"Bates"," Charley","1014 Cornhill.","London","England","EC3V 3PD"
"Bevan"," Mister","1015 Cornhill.","London","England","EC3V 3PD"
"Blackpool"," Stephen","1016 Cornhill.","London","England","EC3V 3PD"
"Blimber"," Cornelia","1017 Cornhill.","London","England","EC3V 3PD"
"Boffin"," Henrietta","1018 Cornhill.","London","England","EC3V 3PD"
"Boffin"," Noddy","1019 Cornhill.","London","England","EC3V 3PD"
"Bounderby"," Josiah","1020 Cornhill.","London","England","EC3V 3PD"
"Boythorn"," Lawrence","1021 Cornhill.","London","England","EC3V 3PD"
"Brass"," Sally","1022 Cornhill.","London","England","EC3V 3PD"
"Brass"," Sampson","1023 Cornhill.","London","England","EC3V 3PD"
"Bray"," Madeline","1024 Cornhill.","London","England","EC3V 3PD"
"Bray"," Walter","1025 Cornhill.","London","England","EC3V 3PD"
"Brick"," Jefferson","1026 Cornhill.","London","England","EC3V 3PD"
"Browdie"," John","1027 Cornhill.","London","England","EC3V 3PD"
"Brown"," Good","1028 Cornhill.","London","England","EC3V 3PD"
"Brown"," Alice","1029 Cornhill.","London","England","EC3V 3PD"
"Brownlow"," Mister","1030 Cornhill.","London","England","EC3V 3PD"
"Bucket"," Inspector","1031 Cornhill.","London","England","EC3V 3PD"
"Bud"," Rosa","1032 Cornhill.","London","England","EC3V 3PD"
"Bunsby"," Jack","1033 Cornhill.","London","England","EC3V 3PD"
"Buzfuz"," Serjeant","1034 Cornhill.","London","England","EC3V 3PD"
"Carker"," Harriet","1035 Cornhill.","London","England","EC3V 3PD"
"Carker"," James","1036 Cornhill.","London","England","EC3V 3PD"
"Carker"," John","1037 Cornhill.","London","England","EC3V 3PD"
"Carstone"," Richard","1038 Cornhill.","London","England","EC3V 3PD"
"Carton"," Sydney","1039 Cornhill.","London","England","EC3V 3PD"
"Casby"," Christopher","1040 Cornhill.","London","England","EC3V 3PD"
"Cavalletto"," John","1041 Cornhill.","London","England","EC3V 3PD"
"Chadband"," Reverend","1042 Cornhill.","London","England","EC3V 3PD"
"Cheeryble"," Frank","1043 Cornhill.","London","England","EC3V 3PD"
"Chester"," Edward","1044 Cornhill.","London","England","EC3V 3PD"
"Chester"," John","1045 Cornhill.","London","England","EC3V 3PD"
"Chick"," Louisa","1046 Cornhill.","London","England","EC3V 3PD"
"Chickenstalker"," Anne","1047 Cornhill.","London","England","EC3V 3PD"
"Chivery"," John","1048 Cornhill.","London","England","EC3V 3PD"
"Chivery"," Mister","1049 Cornhill.","London","England","EC3V 3PD"
"Chuzzlewit"," Anthony","1050 Cornhill.","London","England","EC3V 3PD"
"Chuzzlewit"," Jonas","1051 Cornhill.","London","England","EC3V 3PD"
"Chuzzlewit"," Martin","1052 Cornhill.","London","England","EC3V 3PD"
"Chuzzlewit"," Old","1053 Cornhill.","London","England","EC3V 3PD"
"Clare"," Ada","1054 Cornhill.","London","England","EC3V 3PD"
"Claypole"," Noah","1055 Cornhill.","London","England","EC3V 3PD"
"Clennam"," Arthur","1056 Cornhill.","London","England","EC3V 3PD"
"Clennam"," Mister","1057 Cornhill.","London","England","EC3V 3PD"
"Later"," Compeyson","1058 Cornhill.","London","England","EC3V 3PD"
"Copperfield"," David","1059 Cornhill.","London","England","EC3V 3PD"
"Copperfield"," Clara","1060 Cornhill.","London","England","EC3V 3PD"
"Corney"," Mister","1061 Cornhill.","London","England","EC3V 3PD"
"Cratchit"," Bob","1062 Cornhill.","London","England","EC3V 3PD"
"Cratchit"," Tiny","1063 Cornhill.","London","England","EC3V 3PD"
"Crewler"," Sophy","1064 Cornhill.","London","England","EC3V 3PD"
"Crimple"," David","1065 Cornhill.","London","England","EC3V 3PD"
"Cripples"," Mister","1066 Cornhill.","London","England","EC3V 3PD"
"Crisparkle"," Canon","1067 Cornhill.","London","England","EC3V 3PD"
"Crummles"," Vincent","1068 Cornhill.","London","England","EC3V 3PD"
"Crummles"," Mister","1069 Cornhill.","London","England","EC3V 3PD"
"Cruncher"," Jerry","1070 Cornhill.","London","England","EC3V 3PD"
"Cuttle"," Captain","1071 Cornhill.","London","England","EC3V 3PD"
"Daisy"," Solomon ","1072 Cornhill.","London","England","EC3V 3PD"
"Darnay"," Charles","1073 Cornhill.","London","England","EC3V 3PD"
"Dartle"," Rosa","1074 Cornhill.","London","England","EC3V 3PD"
"Datchery"," Dick","1075 Cornhill.","London","England","EC3V 3PD"
"Dawkins"," Jack","1076 Cornhill.","London","England","EC3V 3PD"
"Dedlock"," Lady","1077 Cornhill.","London","England","EC3V 3PD"
"Dedlock"," Sir","1078 Cornhill.","London","England","EC3V 3PD"
"Dedlock"," Volumnia","1079 Cornhill.","London","England","EC3V 3PD"
"Defarge"," Ernest","1080 Cornhill.","London","England","EC3V 3PD"
"Defarge"," Madame","1081 Cornhill.","London","England","EC3V 3PD"
"Dennis"," Ned","1082 Cornhill.","London","England","EC3V 3PD"
"Dick"," Mister","1083 Cornhill.","London","England","EC3V 3PD"
"Dilber"," Mister","1084 Cornhill.","London","England","EC3V 3PD"
"Diver"," Colonel","1085 Cornhill.","London","England","EC3V 3PD"
"Dolls"," Mister","1086 Cornhill.","London","England","EC3V 3PD"
"Dombey"," Fanny","1087 Cornhill.","London","England","EC3V 3PD"
"Dombey"," Florence","1088 Cornhill.","London","England","EC3V 3PD"
"Dombey"," Paul","1089 Cornhill.","London","England","EC3V 3PD"
"Dorrit"," Amy","1090 Cornhill.","London","England","EC3V 3PD"
"Dorrit"," Edward","1091 Cornhill.","London","England","EC3V 3PD"
"Dorrit"," Fanny","1092 Cornhill.","London","England","EC3V 3PD"
"Dorrit"," Frederick","1093 Cornhill.","London","England","EC3V 3PD"
"Dorrit"," William","1094 Cornhill.","London","England","EC3V 3PD"
"Doyce"," Daniel","1095 Cornhill.","London","England","EC3V 3PD"
"Doctorood"," Edwin","1096 Cornhill.","London","England","EC3V 3PD"
"Doctorummle"," Bentley","1097 Cornhill.","London","England","EC3V 3PD"
"Feeder"," Mister","1098 Cornhill.","London","England","EC3V 3PD"
"Fezziwig"," Mister","1099 Cornhill.","London","England","EC3V 3PD"
"Fielding"," May","1100 Cornhill.","London","England","EC3V 3PD"
"Fielding"," Mister","1101 Cornhill.","London","England","EC3V 3PD"
"Finching"," Flora","1102 Cornhill.","London","England","EC3V 3PD"
"Fizkin"," Horatio","1103 Cornhill.","London","England","EC3V 3PD"
"Flintwinch"," Affery","1104 Cornhill.","London","England","EC3V 3PD"
"Flintwinch"," Jeremiah","1105 Cornhill.","London","England","EC3V 3PD"
"Flite"," Miss","1106 Cornhill.","London","England","EC3V 3PD"
"Gamp"," Sarah","1107 Cornhill.","London","England","EC3V 3PD"
"Gargery"," Biddy","1108 Cornhill.","London","England","EC3V 3PD"
"Gargery"," Joe","1109 Cornhill.","London","England","EC3V 3PD"
"Gargery"," Pip","1110 Cornhill.","London","England","EC3V 3PD"
"Garland"," Abel","1111 Cornhill.","London","England","EC3V 3PD"
"Garland"," Mister","1112 Cornhill.","London","England","EC3V 3PD"
"Gay"," Walter","1113 Cornhill.","London","England","EC3V 3PD"
"General"," Mister","1114 Cornhill.","London","England","EC3V 3PD"
"George"," Mister","1115 Cornhill.","London","England","EC3V 3PD"
"Giles"," Mister","1116 Cornhill.","London","England","EC3V 3PD"
"Gowan"," Henry","1117 Cornhill.","London","England","EC3V 3PD"
"Gowan"," Minnie","1118 Cornhill.","London","England","EC3V 3PD"
"Gradgrind"," Thomas","1119 Cornhill.","London","England","EC3V 3PD"
"Gradgrind"," Tom","1120 Cornhill.","London","England","EC3V 3PD"
"Graham"," Mary","1121 Cornhill.","London","England","EC3V 3PD"
"Granger"," Edith","1122 Cornhill.","London","England","EC3V 3PD"
"Grayper"," Mister","1123 Cornhill.","London","England","EC3V 3PD"
"Gride"," Arthur","1124 Cornhill.","London","England","EC3V 3PD"
"Grimwig"," Mister","1125 Cornhill.","London","England","EC3V 3PD"
"Grueby"," John","1126 Cornhill.","London","England","EC3V 3PD"
"Gulpidge"," Mister","1127 Cornhill.","London","England","EC3V 3PD"
"Gummidge"," Mister","1128 Cornhill.","London","England","EC3V 3PD"
"Guppy"," William","1129 Cornhill.","London","England","EC3V 3PD"
"Harmon"," John","1130 Cornhill.","London","England","EC3V 3PD"
"Harris"," Mister","1131 Cornhill.","London","England","EC3V 3PD"
"Harthouse"," James","1132 Cornhill.","London","England","EC3V 3PD"
"Havisham"," Estella","1133 Cornhill.","London","England","EC3V 3PD"
"Havisham"," Miss","1134 Cornhill.","London","England","EC3V 3PD"
"Havisham"," Arthur","1135 Cornhill.","London","England","EC3V 3PD"
"Hawdon"," Captain","1136 Cornhill.","London","England","EC3V 3PD"
"Hawk"," Sir","1137 Cornhill.","London","England","EC3V 3PD"
"Heep"," Mister","1138 Cornhill.","London","England","EC3V 3PD"
"Heep"," Uriah","1139 Cornhill.","London","England","EC3V 3PD"
"Hexam"," Charlie","1140 Cornhill.","London","England","EC3V 3PD"
"Hexam"," Gaffer","1141 Cornhill.","London","England","EC3V 3PD"
"Hexam"," Lizzie","1142 Cornhill.","London","England","EC3V 3PD"
"Higden"," Betty","1143 Cornhill.","London","England","EC3V 3PD"
"Hominy"," Mister","1144 Cornhill.","London","England","EC3V 3PD"
"Honeythunder"," Luke","1145 Cornhill.","London","England","EC3V 3PD"
"Leo"," Mister","1146 Cornhill.","London","England","EC3V 3PD"
"Hutley"," Jem","1147 Cornhill.","London","England","EC3V 3PD"
"Jarndyce"," John","1148 Cornhill.","London","England","EC3V 3PD"
"Jasper"," John","1149 Cornhill.","London","England","EC3V 3PD"
"Jeddler"," Doctor","1150 Cornhill.","London","England","EC3V 3PD"
"Jeddler"," Grace","1151 Cornhill.","London","England","EC3V 3PD"
"Jeddler"," Marion","1152 Cornhill.","London","England","EC3V 3PD"
"Jeddler"," Martha","1153 Cornhill.","London","England","EC3V 3PD"
"Jellyby"," Mister","1154 Cornhill.","London","England","EC3V 3PD"
"Jellyby"," Caroline","1155 Cornhill.","London","England","EC3V 3PD"
"Jingle"," Alfred","1156 Cornhill.","London","England","EC3V 3PD"
"Jorkins"," Mister","1157 Cornhill.","London","England","EC3V 3PD"
"Kedgick"," Captain","1158 Cornhill.","London","England","EC3V 3PD"
"Kidgerbury"," Mister","1159 Cornhill.","London","England","EC3V 3PD"
"Creevy"," Miss","1160 Cornhill.","London","England","EC3V 3PD"
"Lammle"," Alfred","1161 Cornhill.","London","England","EC3V 3PD"
"Landless"," Helena","1162 Cornhill.","London","England","EC3V 3PD"
"Landless"," Neville","1163 Cornhill.","London","England","EC3V 3PD"
"Langdale"," Mister","1164 Cornhill.","London","England","EC3V 3PD"
"Larkins"," Miss","1165 Cornhill.","London","England","EC3V 3PD"
"Leeford"," Edward","1166 Cornhill.","London","England","EC3V 3PD"
"Leeford"," Edwin","1167 Cornhill.","London","England","EC3V 3PD"
"Lenville"," Thomas","1168 Cornhill.","London","England","EC3V 3PD"
"Lightwood"," Mortimer","1169 Cornhill.","London","England","EC3V 3PD"
"Lillyvick"," Mister","1170 Cornhill.","London","England","EC3V 3PD"
"Linkinwater"," Tim","1171 Cornhill.","London","England","EC3V 3PD"
"Longford"," Edmund","1172 Cornhill.","London","England","EC3V 3PD"
"Lorry"," Jarvis","1173 Cornhill.","London","England","EC3V 3PD"
"Losberne"," Doctor","1174 Cornhill.","London","England","EC3V 3PD"
"Lupin"," Mister","1175 Cornhill.","London","England","EC3V 3PD"
"Magnus"," Peter","1176 Cornhill.","London","England","EC3V 3PD"
"Magwitch"," Abel","1177 Cornhill.","London","England","EC3V 3PD"
"Manette"," Doctor","1178 Cornhill.","London","England","EC3V 3PD"
"Manette"," Lucie","1179 Cornhill.","London","England","EC3V 3PD"
"Mann"," Mister","1180 Cornhill.","London","England","EC3V 3PD"
"Mantalini"," Mister","1181 Cornhill.","London","England","EC3V 3PD"
"Marley"," Jacob","1182 Cornhill.","London","England","EC3V 3PD"
"Marton"," Mister","1183 Cornhill.","London","England","EC3V 3PD"
"Maylie"," Mister","1184 Cornhill.","London","England","EC3V 3PD"
"Maylie"," Harry","1185 Cornhill.","London","England","EC3V 3PD"
"Maylie"," Rose","1186 Cornhill.","London","England","EC3V 3PD"
"Meagles"," Mister","1187 Cornhill.","London","England","EC3V 3PD"
"Merdle"," Mister","1188 Cornhill.","London","England","EC3V 3PD"
"Micawber"," Wilkins","1189 Cornhill.","London","England","EC3V 3PD"
"Murdstone"," Mister","1190 Cornhill.","London","England","EC3V 3PD"
"Native"," The","1191 Cornhill.","London","England","EC3V 3PD"
"Neckett"," Charlotte","1192 Cornhill.","London","England","EC3V 3PD"
"Nickleby"," Kate","1193 Cornhill.","London","England","EC3V 3PD"
"Nickleby"," Nicholas","1194 Cornhill.","London","England","EC3V 3PD"
"Nickleby"," Ralph","1195 Cornhill.","London","England","EC3V 3PD"
"Nipper"," Susan","1196 Cornhill.","London","England","EC3V 3PD"
"Noggs"," Newman","1197 Cornhill.","London","England","EC3V 3PD"
"Nubbles"," Kit","1198 Cornhill.","London","England","EC3V 3PD"
"Nupkins"," Mister","1199 Cornhill.","London","England","EC3V 3PD"
"Omer"," Mister","1200 Cornhill.","London","England","EC3V 3PD"
"Orlick"," Dolge","1201 Cornhill.","London","England","EC3V 3PD"
"Pancks"," Mister","1202 Cornhill.","London","England","EC3V 3PD"
"Pawkins"," Major","1203 Cornhill.","London","England","EC3V 3PD"
"Payne"," Doctor","1204 Cornhill.","London","England","EC3V 3PD"
"Pecksniff"," Charity","1205 Cornhill.","London","England","EC3V 3PD"
"Pecksniff"," Mercy","1206 Cornhill.","London","England","EC3V 3PD"
"Pecksniff"," Seth","1207 Cornhill.","London","England","EC3V 3PD"
"Peerybingle"," John","1208 Cornhill.","London","England","EC3V 3PD"
"Peerybingle"," Mary","1209 Cornhill.","London","England","EC3V 3PD"
"Peggotty"," Clara","1210 Cornhill.","London","England","EC3V 3PD"
"Peggotty"," Daniel","1211 Cornhill.","London","England","EC3V 3PD"
"Peggotty"," Ham","1212 Cornhill.","London","England","EC3V 3PD"
"Perker"," Mister","1213 Cornhill.","London","England","EC3V 3PD"
"Pickwick"," Samuel","1214 Cornhill.","London","England","EC3V 3PD"
"Pinch"," Tom","1215 Cornhill.","London","England","EC3V 3PD"
"Joe"," Pip","1216 Cornhill.","London","England","EC3V 3PD"
"Pirrip"," The","1217 Cornhill.","London","England","EC3V 3PD"
"Plornish"," Mister","1218 Cornhill.","London","England","EC3V 3PD"
"Plummer"," Bertha","1219 Cornhill.","London","England","EC3V 3PD"
"Plummer"," Caleb","1220 Cornhill.","London","England","EC3V 3PD"
"Plummer"," Edward","1221 Cornhill.","London","England","EC3V 3PD"
"Pocket"," Belinda","1222 Cornhill.","London","England","EC3V 3PD"
"Pocket"," Herbert","1223 Cornhill.","London","England","EC3V 3PD"
"Pocket"," Matthew","1224 Cornhill.","London","England","EC3V 3PD"
"Pott"," Mister","1225 Cornhill.","London","England","EC3V 3PD"
"Pross"," Miss","1226 Cornhill.","London","England","EC3V 3PD"
"Quilp"," Daniel","1227 Cornhill.","London","England","EC3V 3PD"
"Quilp"," Betsy","1228 Cornhill.","London","England","EC3V 3PD"
"Quinion"," Mister","1229 Cornhill.","London","England","EC3V 3PD"
"Radfoot"," George","1230 Cornhill.","London","England","EC3V 3PD"
"Redlaw"," Professor","1231 Cornhill.","London","England","EC3V 3PD"
"Riderhood"," Pleasant","1232 Cornhill.","London","England","EC3V 3PD"
"Riderhood"," Rogue","1233 Cornhill.","London","England","EC3V 3PD"
"Rokesmith"," John","1234 Cornhill.","London","England","EC3V 3PD"
"Rouncewell"," George","1235 Cornhill.","London","England","EC3V 3PD"
"Rouncewell"," Mister","1236 Cornhill.","London","England","EC3V 3PD"
"Rouncewell"," Richard","1237 Cornhill.","London","England","EC3V 3PD"
"Rouncewell"," Watt","1238 Cornhill.","London","England","EC3V 3PD"
"Rudge"," Barnaby","1239 Cornhill.","London","England","EC3V 3PD"
"Rugg"," Mister","1240 Cornhill.","London","England","EC3V 3PD"
"Scrooge"," Ebenezer","1241 Cornhill.","London","England","EC3V 3PD"
"Sikes"," Bill","1242 Cornhill.","London","England","EC3V 3PD"
"Skimpole"," Harold","1243 Cornhill.","London","England","EC3V 3PD"
"Slammer"," Doctor","1244 Cornhill.","London","England","EC3V 3PD"
"Slowboy"," Tilly","1245 Cornhill.","London","England","EC3V 3PD"
"Slumkey"," Samuel","1246 Cornhill.","London","England","EC3V 3PD"
"Smallweed"," Mister","1247 Cornhill.","London","England","EC3V 3PD"
"Snagsby"," Mister","1248 Cornhill.","London","England","EC3V 3PD"
"Snodgrass"," Augustus","1249 Cornhill.","London","England","EC3V 3PD"
"Sowerberry"," Mister","1250 Cornhill.","London","England","EC3V 3PD"
"Sparkler"," Edmund","1251 Cornhill.","London","England","EC3V 3PD"
"Spenlow"," Dora","1252 Cornhill.","London","England","EC3V 3PD"
"Spottletoe"," Mister","1253 Cornhill.","London","England","EC3V 3PD"
"Squeers"," Fanny","1254 Cornhill.","London","England","EC3V 3PD"
"Squeers"," Wackford","1255 Cornhill.","London","England","EC3V 3PD"
"Squeers"," Mister","1256 Cornhill.","London","England","EC3V 3PD"
"Squod"," Phil","1257 Cornhill.","London","England","EC3V 3PD"
"Steerforth"," James","1258 Cornhill.","London","England","EC3V 3PD"
"Stiltstalking"," Lord","1259 Cornhill.","London","England","EC3V 3PD"
"Strong"," Annie","1260 Cornhill.","London","England","EC3V 3PD"
"Strong"," Doctor","1261 Cornhill.","London","England","EC3V 3PD"
"Summerson"," Esther","1262 Cornhill.","London","England","EC3V 3PD"
"Sweedlepipe"," Paul","1263 Cornhill.","London","England","EC3V 3PD"
"Swidger"," Milly","1264 Cornhill.","London","England","EC3V 3PD"
"Swidger"," Philip","1265 Cornhill.","London","England","EC3V 3PD"
"Swidger"," William","1266 Cornhill.","London","England","EC3V 3PD"
"Swiveller"," Dick","1267 Cornhill.","London","England","EC3V 3PD"
"Tapley"," Mark","1268 Cornhill.","London","England","EC3V 3PD"
"Tappertit"," Simon","1269 Cornhill.","London","England","EC3V 3PD"
"Hospital"," Harriet","1270 Cornhill.","London","England","EC3V 3PD"
"Sophia"," Adolphus","1271 Cornhill.","London","England","EC3V 3PD"
"Ticket"," Mister","1272 Cornhill.","London","England","EC3V 3PD"
"Tiffey"," Mister","1273 Cornhill.","London","England","EC3V 3PD"
"Tigg"," Montague","1274 Cornhill.","London","England","EC3V 3PD"
"Tisher"," Mister","1275 Cornhill.","London","England","EC3V 3PD"
"Todgers"," Mister","1276 Cornhill.","London","England","EC3V 3PD"
"Toodle"," Polly","1277 Cornhill.","London","England","EC3V 3PD"
"Tox"," Lucretia","1278 Cornhill.","London","England","EC3V 3PD"
"Traddles"," Tommy","1279 Cornhill.","London","England","EC3V 3PD"
"Trent"," Fred","1280 Cornhill.","London","England","EC3V 3PD"
"Trent"," Nelly","1281 Cornhill.","London","England","EC3V 3PD"
"Trotter"," Job","1282 Cornhill.","London","England","EC3V 3PD"
"Tulkinghorn"," Josiah","1283 Cornhill.","London","England","EC3V 3PD"
"Tupman"," Tracy","1284 Cornhill.","London","England","EC3V 3PD"
"Turveydrop"," Prince","1285 Cornhill.","London","England","EC3V 3PD"
"Vengeance"," The","1286 Cornhill.","London","England","EC3V 3PD"
"Vholes"," Mister","1287 Cornhill.","London","England","EC3V 3PD"
"Wade"," Miss","1288 Cornhill.","London","England","EC3V 3PD"
"Wardle"," Mister","1289 Cornhill.","London","England","EC3V 3PD"
"Wardle"," Isabella","1290 Cornhill.","London","England","EC3V 3PD"
"Wardle"," Emily","1291 Cornhill.","London","England","EC3V 3PD"
"Wardle"," Old","1292 Cornhill.","London","England","EC3V 3PD"
"Wardle"," Rachael","1293 Cornhill.","London","England","EC3V 3PD"
"Waterbrook"," Mister","1294 Cornhill.","London","England","EC3V 3PD"
"Weller"," Tony","1295 Cornhill.","London","England","EC3V 3PD"
"Weller"," Samuel","1296 Cornhill.","London","England","EC3V 3PD"
"Wemmick"," John","1297 Cornhill.","London","England","EC3V 3PD"
"Westlock"," John","1298 Cornhill.","London","England","EC3V 3PD"
"Whimple"," Mister","1299 Cornhill.","London","England","EC3V 3PD"
"Wickfield"," Agnes","1300 Cornhill.","London","England","EC3V 3PD"
"Wigsby"," Professor","1301 Cornhill.","London","England","EC3V 3PD"
"Winkle"," Nathaniel","1302 Cornhill.","London","England","EC3V 3PD"
"Witherfield"," Miss","1303 Cornhill.","London","England","EC3V 3PD"
"Woodcourt"," Doctor","1304 Cornhill.","London","England","EC3V 3PD"
"York"," The","1305 Cornhill.","London","England","EC3V 3PD"
"Zephyr"," The","1306 Cornhill.","London","England","EC3V 3PD"
